
insert into Movie
	values('0111161','The Shawshank Redemption','',9.3,'TV-14',58500000,25000000);
insert into Directs
	values('Frank Darabont','0111161');
insert into Writes
	values('Stephen King','0111161');
insert into Writes
	values('Frank Darabont','0111161');
insert into Reviews
	values('ur4103165','What would you do, if the world came down on you, wrongly sentenced for a crime, that will take all your lifes time; youre quite gentle and quite shy, dont feel the need to shout or cry, so you take it on the chin, accept the view, and settle in.Then distractions take their toll, incarcerations in control, prison guards dealing in pain, fellow cons who cant refrain; new friends help, youre not alone, surrounded by these walls of stone, movie pinups play their part, to lift spirits and keep good heart.Soon the governor fills his tills, makes the most of all your skills, hes an unforgiving kind, but theres money to be mined; you disperse what you collect, keeping covered all aspects, knowing channels have been primed, and overwhelmingly begrimed.Perpetually entertaining stuff.',8,'4 September 2022','0111161');
insert into Soundtrack
	values('The Shawshank Redemption Soundtrack','','','');
insert into Contains
	values('The Shawshank Redemption Soundtrack','0111161');
insert into Works_For
	values('0111161','Tim Robbins',0);
insert into Works_For
	values('0111161','Morgan Freeman','5000000');
insert into Works_For
	values('0111161','Bob Gunton',0);
insert into Works_For
	values('0111161','William Sadler',0);
insert into Works_For
	values('0111161','Clancy Brown',0);
insert into Works_For
	values('0111161','Gil Bellows',0);
insert into Works_For
	values('0111161','Mark Rolston',0);
insert into Works_For
	values('0111161','James Whitmore',0);
insert into Works_For
	values('0111161','Jeffrey DeMunn',0);
insert into Works_For
	values('0111161','Larry Brandenburg',0);
insert into Works_For
	values('0111161','Neil Giuntoli',0);
insert into Works_For
	values('0111161','Brian Libby',0);
insert into Works_For
	values('0111161','David Proval',0);
insert into Works_For
	values('0111161','Joseph Ragno',0);
insert into Works_For
	values('0111161','Jude Ciccolella',0);
insert into Works_For
	values('0111161','Paul McCrane',0);
insert into Works_For
	values('0111161','Renee Blaine',0);
insert into Works_For
	values('0111161','Scott Mann',0);
insert into Works_For
	values('0111161','John Horton',0);
insert into Works_For
	values('0111161','Gordon Greene',0);
insert into Works_For
	values('0111161','Alfonso Freeman',0);
insert into Works_For
	values('0111161','Vincent Foster',0);
insert into Works_For
	values('0111161','John E. Summers',0);
insert into Works_For
	values('0111161','Frank Medrano',0);
insert into Works_For
	values('0111161','Mack Miles',0);
insert into Works_For
	values('0111161','Alan R. Kessler',0);
insert into Works_For
	values('0111161','Morgan Lund',0);
insert into Works_For
	values('0111161','Cornell Wallace',0);
insert into Works_For
	values('0111161','Gary Lee Davis',0);
insert into Works_For
	values('0111161','Neil Summers',0);
insert into Works_For
	values('0111161','Ned Bellamy',0);
insert into Works_For
	values('0111161','Joe Pecoraro',0);
insert into Works_For
	values('0111161','Harold E. Cope Jr.',0);
insert into Works_For
	values('0111161','Brian Delate',0);
insert into Works_For
	values('0111161','Don McManus',0);
insert into Works_For
	values('0111161','Donald Zinn',0);
insert into Works_For
	values('0111161','Dorothy Silver',0);
insert into Works_For
	values('0111161','Robert Haley',0);
insert into Works_For
	values('0111161','Dana Snyder',0);
insert into Works_For
	values('0111161','John D. Craig',0);
insert into Works_For
	values('0111161','Ken Magee',0);
insert into Works_For
	values('0111161','Eugene C. DePasquale',0);
insert into Works_For
	values('0111161','Bill Bolender',0);
insert into Works_For
	values('0111161','Ron Newell',0);
insert into Works_For
	values('0111161','John R. Woodward',0);
insert into Works_For
	values('0111161','Chuck Brauchler',0);
insert into Works_For
	values('0111161','Dion Anderson',0);
insert into Works_For
	values('0111161','Claire Slemmer',0);
insert into Works_For
	values('0111161','James Kisicki',0);
insert into Works_For
	values('0111161','Rohn Thomas',0);
insert into Works_For
	values('0111161','Charlie Kearns',0);
insert into Works_For
	values('0111161','Rob Reider',0);
insert into Works_For
	values('0111161','Brian Brophy',0);
insert into Works_For
	values('0111161','Paul Kennedy',0);
insert into Works_For
	values('0111161','James Babson',0);
insert into Works_For
	values('0111161','Dennis Baker',0);
insert into Works_For
	values('0111161','Fred Culbertson',0);
insert into Works_For
	values('0111161','Richard Doone',0);
insert into Works_For
	values('0111161','Samantha Goldberg',0);
insert into Works_For
	values('0111161','Shane Grove',0);
insert into Works_For
	values('0111161','Rita Hayworth','200 per week Charlie Chan in Egypt (1935)::');
insert into Works_For
	values('0111161','David Hecht',0);
insert into Works_For
	values('0111161','Alonzo F. Jones',0);
insert into Works_For
	values('0111161','Gary Jones',0);
insert into Works_For
	values('0111161','Sergio Kato',0);
insert into Works_For
	values('0111161','Michael Lightsey',0);
insert into Works_For
	values('0111161','George Macready',0);
insert into Works_For
	values('0111161','Christopher Page',0);
insert into Works_For
	values('0111161','Brad Pyner',0);
insert into Works_For
	values('0111161','Neil Riddaway',0);
insert into Works_For
	values('0111161','Brad Spencer',0);
insert into Works_For
	values('0111161','Jodiviah Stepp',0);
insert into Works_For
	values('0111161','Mark A. Strain',0);
insert into Person
	values('Scott Mann','','',1,'y','','');
insert into Person
	values('Mack Miles','','',1,'y','','');
insert into Person
	values('Don McManus','1959-11-08','San Diego, California, USA',1,'y','','');
insert into Person
	values('Richard Doone','1948-12-04','Columbus, Ohio, USA',1,'y','','');
insert into Person
	values('Paul McCrane','1961-01-19','Philadelphia, Pennsylvania, USA',1,'y','','');
insert into Person
	values('John R. Woodward','1951-00-00','',1,'y','','');
insert into Person
	values('Jude Ciccolella','1947-03-11','Burlington, Vermont, USA',1,'y','','');
insert into Person
	values('John E. Summers','','',1,'y','','');
insert into Person
	values('David Hecht','','',1,'y','','');
insert into Person
	values('Sergio Kato','','',1,'y','','');
insert into Person
	values('Tim Robbins','1958-10-16','West Covina, California, USA',1,'y','','');
insert into Person
	values('Frank Medrano','1958-05-20','Manhattan, New York City, New York, USA',1,'y','','');
insert into Person
	values('Jodiviah Stepp','1965-12-23','Shelby, Ohio, USA',1,'y','','');
insert into Person
	values('Rita Hayworth','1918-10-17','Brooklyn, New York City, New York, USA',1,'y','','');
insert into Person
	values('Bill Bolender','1940-11-14','USA',1,'y','','');
insert into Person
	values('James Kisicki','1938-04-14','Chicago, Illinois, USA',1,'y','','');
insert into Person
	values('James Whitmore','1921-10-01','White Plains, New York, USA',1,'y','','');
insert into Person
	values('David Proval','1942-05-20','Brooklyn, New York, USA',1,'y','','');
insert into Person
	values('Dion Anderson','','',1,'y','','');
insert into Person
	values('Rob Reider','','',1,'y','','');
insert into Person
	values('Samantha Goldberg','','',1,'y','','');
insert into Person
	values('Michael Lightsey','1973-03-25','Mentor, Ohio, USA',1,'y','','');
insert into Person
	values('Brian Libby','1949-04-20','',1,'y','','');
insert into Person
	values('Alonzo F. Jones','1970-06-13','Providence, Rhode Island, USA',1,'y','','');
insert into Person
	values('Brad Spencer','1969-05-10','Mansfield, Ohio, USA',1,'y','','');
insert into Person
	values('Mark A. Strain','','',1,'y','','');
insert into Person
	values('Bob Gunton','1945-11-15','Santa Monica, California, USA',1,'y','','');
insert into Person
	values('Claire Slemmer','','',1,'y','','');
insert into Person
	values('Frank Darabont','1959-01-28','Montbéliard, Doubs, France',1,'','y','y');
insert into Person
	values('Joseph Ragno','1936-03-11','Brooklyn, New York, USA',1,'y','','');
insert into Person
	values('Alfonso Freeman','1959-09-13','Los Angeles, California, USA',1,'y','','');
insert into Person
	values('Ron Newell','','',1,'y','','');
insert into Person
	values('Cornell Wallace','','',1,'y','','');
insert into Person
	values('Larry Brandenburg','1948-05-03','Wabasha, Minnesota, USA',1,'y','','');
insert into Person
	values('Chuck Brauchler','','',1,'y','','');
insert into Person
	values('Robert Haley','1942-08-16','Didsbury, Alberta, Canada',1,'y','','');
insert into Person
	values('Christopher Page','','',1,'y','','');
insert into Person
	values('Brad Pyner','','',1,'y','','');
insert into Person
	values('Morgan Freeman','1937-06-01','Memphis, Tennessee, USA',1,'y','','');
insert into Person
	values('Stephen King','1947-09-21','Portland, Maine, USA',1,'','y','');
insert into Person
	values('Mark Rolston','1956-12-07','Baltimore, Maryland, USA',1,'y','','');
insert into Person
	values('Vincent Foster','','',1,'y','','');
insert into Person
	values('Ned Bellamy','1957-05-07','Dayton, Ohio, USA',1,'y','','');
insert into Person
	values('Charlie Kearns','','',1,'y','','');
insert into Person
	values('Gary Jones','','',1,'y','','');
insert into Person
	values('Alan R. Kessler','1946-12-29','Beckley, West Virginia, USA',1,'y','','');
insert into Person
	values('Gil Bellows','1967-06-28','Vancouver, British Columbia, Canada',1,'y','','');
insert into Person
	values('Dorothy Silver','1929-02-28','Detroit, Michigan, USA',1,'y','','');
insert into Person
	values('Dana Snyder','','',1,'y','','');
insert into Person
	values('Paul Kennedy','1962-07-01','Madison, Wisconsin, USA',1,'y','','');
insert into Person
	values('Donald Zinn','','',1,'y','','');
insert into Person
	values('Rohn Thomas','','',1,'y','','');
insert into Person
	values('Neil Riddaway','','',1,'y','','');
insert into Person
	values('Renee Blaine','','',1,'y','','');
insert into Person
	values('Joe Pecoraro','','',1,'y','','');
insert into Person
	values('Neil Summers','1944-04-28','London, England, UK',1,'y','','');
insert into Person
	values('John D. Craig','1935-11-10','Brazil, Indiana, USA',1,'y','','');
insert into Person
	values('Neil Giuntoli','1959-12-20','Chicago, Illinois, USA',1,'y','','');
insert into Person
	values('Fred Culbertson','','',1,'y','','');
insert into Person
	values('Clancy Brown','1959-01-05','Urbana, Ohio, USA',1,'y','','');
insert into Person
	values('Brian Delate','1949-04-08','Trenton, New Jersey, USA',1,'y','','');
insert into Person
	values('Dennis Baker','','',1,'y','','');
insert into Person
	values('George Macready','1899-08-29','Providence, Rhode Island, USA',1,'y','','');
insert into Person
	values('James Babson','1974-10-24','West Chester, Pennsylvania, USA',1,'y','','');
insert into Person
	values('Harold E. Cope Jr.','','',1,'y','','');
insert into Person
	values('Eugene C. DePasquale','','',1,'y','','');
insert into Person
	values('Gary Lee Davis','','',1,'y','','');
insert into Person
	values('John Horton','1937-00-00','Kitchener, Ontario, Canada',1,'y','','');
insert into Person
	values('Jeffrey DeMunn','1947-04-25','Buffalo, New York, USA',1,'y','','');
insert into Person
	values('Brian Brophy','','',1,'y','','');
insert into Person
	values('Shane Grove','','',1,'y','','');
insert into Person
	values('Ken Magee','1946-12-11','Texas, USA',1,'y','','');
insert into Person
	values('Morgan Lund','','',1,'y','','');
insert into Person
	values('Gordon Greene','','',1,'y','','');
insert into Person
	values('William Sadler','1950-04-13','Buffalo, New York, USA',1,'y','','');
insert into Genres
	values('Drama','0111161');
insert into Languages
	values('English','0111161');
insert into Award
	values('0111161','Oscar',1995,'Nominee','Academy Awards, USA','Best Picture');
insert into Award
	values('0111161','Oscar',1995,'Nominee','Academy Awards, USA','Best Actor in a Leading Role');
insert into Award
	values('0111161','Oscar',1995,'Nominee','Academy Awards, USA','Best Writing, Screenplay Based on Material Previously Produced or Published');
insert into Award
	values('0111161','Oscar',1995,'Nominee','Academy Awards, USA','Best Cinematography');
insert into Award
	values('0111161','Oscar',1995,'Nominee','Academy Awards, USA','Best Sound');
insert into Award
	values('0111161','Oscar',1995,'Nominee','Academy Awards, USA','Best Film Editing');
insert into Award
	values('0111161','Oscar',1995,'Nominee','Academy Awards, USA','Best Music, Original Score');
insert into Award
	values('0111161','Actor',1995,'Nominee','Screen Actors Guild Awards','Outstanding Performance by a Male Actor in a Leading Role');
insert into Award
	values('0111161','Actor',1995,'Nominee','Screen Actors Guild Awards','Outstanding Performance by a Male Actor in a Leading Role');
insert into Award
	values('0111161','Felix',2015,'Winner','20/20 Awards','Best Adapted Screenplay');
insert into Award
	values('0111161','Felix',2015,'Winner','20/20 Awards','Best Cinematography');
insert into Award
	values('0111161','Felix',2015,'Nominee','20/20 Awards','Best Picture');
insert into Award
	values('0111161','Felix',2015,'Nominee','20/20 Awards','Best Director');
insert into Award
	values('0111161','Felix',2015,'Nominee','20/20 Awards','Best Actor');
insert into Award
	values('0111161','Felix',2015,'Nominee','20/20 Awards','Best Original Score');
insert into Award
	values('0111161','Felix',2015,'Nominee','20/20 Awards','Best Film Editing');
insert into Award
	values('0111161','Saturn Award',2016,'Winner','Academy of Science Fiction, Fantasy & Horror Films, USA','Best DVD/Blu-Ray Collection');
insert into Award
	values('0111161','Saturn Award',1995,'Nominee','Academy of Science Fiction, Fantasy & Horror Films, USA','Best Action/Adventure/Thriller Film');
insert into Award
	values('0111161','Saturn Award',1995,'Nominee','Academy of Science Fiction, Fantasy & Horror Films, USA','Best Writing');
insert into Award
	values('0111161','Eddie',1995,'Nominee','American Cinema Editors, USA','Best Edited Feature Film');
insert into Award
	values('0111161','ASC Award',1995,'Winner','American Society of Cinematographers, USA','Outstanding Achievement in Cinematography in Theatrical Releases');
insert into Award
	values('0111161','ACCA',1994,'Winner','Awards Circuit Community Awards','Best Adapted Screenplay');
insert into Award
	values('0111161','ACCA',1994,'Winner','Awards Circuit Community Awards','Best Cinematography');
insert into Award
	values('0111161','ACCA',1994,'Nominee','Awards Circuit Community Awards','Best Motion Picture');
insert into Award
	values('0111161','ACCA',1994,'Nominee','Awards Circuit Community Awards','Best Director');
insert into Award
	values('0111161','ACCA',1994,'Nominee','Awards Circuit Community Awards','Best Actor in a Leading Role');
insert into Award
	values('0111161','ACCA',1994,'Nominee','Awards Circuit Community Awards','Best Actor in a Leading Role');
insert into Award
	values('0111161','ACCA',1994,'Nominee','Awards Circuit Community Awards','Best Art Direction');
insert into Award
	values('0111161','ACCA',1994,'Nominee','Awards Circuit Community Awards','Best Costume Design');
insert into Award
	values('0111161','ACCA',1994,'Nominee','Awards Circuit Community Awards','Best Film Editing');
insert into Award
	values('0111161','ACCA',1994,'Nominee','Awards Circuit Community Awards','Best Achievement in Sound');
insert into Award
	values('0111161','ACCA',1994,'Nominee','Awards Circuit Community Awards','Best Original Score');
insert into Award
	values('0111161','ACCA',1994,'Nominee','Awards Circuit Community Awards','Best Cast Ensemble');
insert into Award
	values('0111161','Award of the Japanese Academy',1996,'Winner','Awards of the Japanese Academy','Best Foreign Film');
insert into Award
	values('0111161','','','','','');
insert into Movie
	values('0068646','The Godfather','',9.2,'TV-MA',245066411,6000000);
insert into Directs
	values('Francis Ford Coppola','0068646');
insert into Writes
	values('Mario Puzo','0068646');
insert into Writes
	values('Francis Ford Coppola','0068646');
insert into Reviews
	values('ur0257957','Engrossing motion picture that features some of the finest editing, cinematography and performances ever. There is a wonderful theme of family that runs through this film and its later sequels. No one is truly judged. Love is unconditional. God is the one who truly judges. Easily, the word masterpiece describes this film, but thats been said by so many...Who am I to argue? Masterpiece is right on the money.',10,'10 June 1999','0068646');
insert into Soundtrack
	values('The Godfather Soundtrack','','','');
insert into Contains
	values('The Godfather Soundtrack','0068646');
insert into Works_For
	values('0068646','Marlon Brando','50000 (equivalent of ');
insert into Works_For
	values('0068646','Al Pacino','35000 The Godfather Part II (1974)::');
insert into Works_For
	values('0068646','James Caan','35000 The Godfather Part II (1974)::');
insert into Works_For
	values('0068646','Richard S. Castellano',0);
insert into Works_For
	values('0068646','Robert Duvall','30000 The Godfather (1972)::');
insert into Works_For
	values('0068646','Sterling Hayden','40000');
insert into Works_For
	values('0068646','John Marley',0);
insert into Works_For
	values('0068646','Richard Conte',0);
insert into Works_For
	values('0068646','Al Lettieri',0);
insert into Works_For
	values('0068646','Diane Keaton','35000 Annie Hall (1977)::');
insert into Works_For
	values('0068646','Abe Vigoda',0);
insert into Works_For
	values('0068646','Talia Shire',0);
insert into Works_For
	values('0068646','Gianni Russo',0);
insert into Works_For
	values('0068646','John Cazale',0);
insert into Works_For
	values('0068646','Rudy Bond',0);
insert into Works_For
	values('0068646','Al Martino',0);
insert into Works_For
	values('0068646','Morgana King',0);
insert into Works_For
	values('0068646','Lenny Montana',0);
insert into Works_For
	values('0068646','John Martino',0);
insert into Works_For
	values('0068646','Salvatore Corsitto',0);
insert into Works_For
	values('0068646','Richard Bright',0);
insert into Works_For
	values('0068646','Alex Rocco',0);
insert into Works_For
	values('0068646','Tony Giorgio',0);
insert into Works_For
	values('0068646','Vito Scotti',0);
insert into Works_For
	values('0068646','Tere Livrano',0);
insert into Works_For
	values('0068646','Victor Rendina',0);
insert into Works_For
	values('0068646','Jeannie Linero',0);
insert into Works_For
	values('0068646','Julie Gregg',0);
insert into Works_For
	values('0068646','Ardell Sheridan',0);
insert into Works_For
	values('0068646','Simonetta Stefanelli',0);
insert into Works_For
	values('0068646','Angelo Infanti',0);
insert into Works_For
	values('0068646','Corrado Gaipa',0);
insert into Works_For
	values('0068646','Franco Citti',0);
insert into Works_For
	values('0068646','Saro Urzì',0);
insert into Works_For
	values('0068646','Frank Albanese',0);
insert into Works_For
	values('0068646','Chris Anastasio',0);
insert into Works_For
	values('0068646','Norm Bacchiocchi',0);
insert into Works_For
	values('0068646','Max Brandt',0);
insert into Works_For
	values('0068646','Tybee Brascia',0);
insert into Works_For
	values('0068646','Garrett Cassell',0);
insert into Works_For
	values('0068646','Carmine Coppola',0);
insert into Works_For
	values('0068646','Gian-Carlo Coppola',0);
insert into Works_For
	values('0068646','Italia Coppola',0);
insert into Works_For
	values('0068646','Roman Coppola',0);
insert into Works_For
	values('0068646','Sofia Coppola',0);
insert into Works_For
	values('0068646','Don Costello',0);
insert into Works_For
	values('0068646','Robert Dahdah',0);
insert into Works_For
	values('0068646','Richard Fass',0);
insert into Works_For
	values('0068646','Gray Frederickson',0);
insert into Works_For
	values('0068646','Ron Gilbert',0);
insert into Works_For
	values('0068646','Anthony Gounaris',0);
insert into Works_For
	values('0068646','Joe Lo Grippo',0);
insert into Works_For
	values('0068646','Sonny Grosso',0);
insert into Works_For
	values('0068646','Louis Guss',0);
insert into Works_For
	values('0068646','Bobra Harris',0);
insert into Works_For
	values('0068646','Merril E. Joels',0);
insert into Works_For
	values('0068646','Randy Jurgensen',0);
insert into Works_For
	values('0068646','Tony King',0);
insert into Works_For
	values('0068646','Paul Lambert',0);
insert into Works_For
	values('0068646','Peter Lemongello',0);
insert into Works_For
	values('0068646','Tony Lip',0);
insert into Works_For
	values('0068646','Lou Martini Jr.',0);
insert into Works_For
	values('0068646','Raymond Martino',0);
insert into Works_For
	values('0068646','Joseph Medaglia',0);
insert into Works_For
	values('0068646','Carol Morley',0);
insert into Works_For
	values('0068646','Dave Moskin',0);
insert into Works_For
	values('0068646','Rick Petrucelli',0);
insert into Works_For
	values('0068646','Joe Petrullo',0);
insert into Works_For
	values('0068646','Burt Richards',0);
insert into Works_For
	values('0068646','Sal Richards',0);
insert into Works_For
	values('0068646','Chuck Riley',0);
insert into Works_For
	values('0068646','Tom Rosqui',0);
insert into Works_For
	values('0068646','Giacomo Rossi Stuart',0);
insert into Works_For
	values('0068646','Nino Ruggeri',0);
insert into Works_For
	values('0068646','Frank Sivero',0);
insert into Works_For
	values('0068646','Filomena Spagnuolo',0);
insert into Works_For
	values('0068646','Joe Spinell','10000 Maniac (1980)::');
insert into Works_For
	values('0068646','Gabriele Torrei',0);
insert into Works_For
	values('0068646','Nick Vallelonga',0);
insert into Works_For
	values('0068646','Ed Vantura',0);
insert into Works_For
	values('0068646','Ron Veto',0);
insert into Works_For
	values('0068646','Matthew Vlahakis',0);
insert into Works_For
	values('0068646','Ilene Woods',0);
insert into Works_For
	values('0068646','Conrad Yama',0);